battery_id,cycle,ambient_temp_c,capacity_ah,soh_pct,internal_resistance_ohm,rul_cycles
B0005,1,24.0,1.8538,99.85,0.3103,167
B0005,2,24.0,1.8521,99.76,0.3197,166
B0005,3,24.0,1.8467,99.47,0.3119,165
B0005,4,24.0,1.8522,99.77,0.318,164
B0005,5,24.0,1.8424,99.24,0.3179,163
B0005,6,24.0,1.841,99.16,0.3139,162
B0005,7,24.0,1.8424,99.24,0.3077,161
B0005,8,24.0,1.8331,98.74,0.3155,160
B0005,9,24.0,1.8347,98.82,0.3209,159
B0005,10,24.0,1.8338,98.78,0.3134,158
B0005,11,24.0,1.8421,99.22,0.3203,157
B0005,12,24.0,1.8353,98.86,0.3154,156
B0005,13,24.0,1.8316,98.66,0.3241,155
B0005,14,24.0,1.828,98.47,0.3265,154
B0005,15,24.0,1.8291,98.52,0.3242,153
B0005,16,24.0,1.828,98.46,0.336,152
B0005,17,24.0,1.8292,98.53,0.3225,151
B0005,18,24.0,1.8314,98.65,0.3227,150
B0005,19,24.0,1.8279,98.46,0.3201,149
B0005,20,24.0,1.8207,98.07,0.3319,148
B0005,21,24.0,1.8279,98.46,0.3328,147
B0005,22,24.0,1.8234,98.22,0.3315,146
B0005,23,24.0,1.8169,97.87,0.3305,145
B0005,24,24.0,1.8199,98.03,0.3404,144
B0005,25,24.0,1.8221,98.15,0.3274,143
B0005,26,24.0,1.821,98.09,0.3353,142
B0005,27,24.0,1.816,97.82,0.3414,141
B0005,28,24.0,1.8219,98.13,0.344,140
B0005,29,24.0,1.8134,97.68,0.3389,139
B0005,30,24.0,1.8171,97.88,0.3464,138
B0005,31,24.0,1.8129,97.65,0.3416,137
B0005,32,24.0,1.8094,97.46,0.3376,136
B0005,33,24.0,1.8161,97.82,0.3515,135
B0005,34,24.0,1.8116,97.58,0.3508,134
B0005,35,24.0,1.8123,97.62,0.3436,133
B0005,36,24.0,1.8114,97.57,0.3556,132
B0005,37,24.0,1.8088,97.43,0.3568,131
B0005,38,24.0,1.7976,96.83,0.3541,130
B0005,39,24.0,1.8074,97.36,0.3496,129
B0005,40,24.0,1.8065,97.31,0.3422,128
B0005,41,24.0,1.8044,97.19,0.355,127
B0005,42,24.0,1.8102,97.51,0.3517,126
B0005,43,24.0,1.8001,96.96,0.3529,125
B0005,44,24.0,1.8061,97.29,0.3581,124
B0005,45,24.0,1.7994,96.93,0.3601,123
B0005,46,24.0,1.801,97.01,0.3634,122
B0005,47,24.0,1.7969,96.79,0.358,121
B0005,48,24.0,1.7972,96.81,0.3534,120
B0005,49,24.0,1.7991,96.91,0.3631,119
B0005,50,24.0,1.797,96.8,0.3617,118
B0005,51,24.0,1.7904,96.44,0.3619,117
B0005,52,24.0,1.7938,96.62,0.361,116
B0005,53,24.0,1.7937,96.61,0.3682,115
B0005,54,24.0,1.8009,97.01,0.3681,114
B0005,55,24.0,1.7935,96.61,0.3679,113
B0005,56,24.0,1.784,96.09,0.3692,112
B0005,57,24.0,1.791,96.47,0.3828,111
B0005,58,24.0,1.7891,96.37,0.3731,110
B0005,59,24.0,1.7888,96.36,0.3668,109
B0005,60,24.0,1.7927,96.56,0.3775,108
B0005,61,24.0,1.7904,96.44,0.3703,107
B0005,62,24.0,1.792,96.52,0.3689,106
B0005,63,24.0,1.7878,96.3,0.3879,105
B0005,64,24.0,1.7807,95.91,0.3752,104
B0005,65,24.0,1.7841,96.1,0.3766,103
B0005,66,24.0,1.7767,95.7,0.3806,102
B0005,67,24.0,1.7778,95.76,0.3837,101
B0005,68,24.0,1.7775,95.74,0.3902,100
B0005,69,24.0,1.7772,95.73,0.3819,99
B0005,70,24.0,1.7827,96.02,0.3785,98
B0005,71,24.0,1.7795,95.85,0.3923,97
B0005,72,24.0,1.7713,95.41,0.3877,96
B0005,73,24.0,1.7779,95.77,0.3918,95
B0005,74,24.0,1.7711,95.4,0.3824,94
B0005,75,24.0,1.7773,95.73,0.3916,93
B0005,76,24.0,1.7753,95.63,0.393,92
B0005,77,24.0,1.7708,95.38,0.3935,91
B0005,78,24.0,1.7738,95.55,0.3898,90
B0005,79,24.0,1.7793,95.84,0.3969,89
B0005,80,24.0,1.7662,95.14,0.3989,88
B0005,81,24.0,1.7662,95.14,0.4007,87
B0005,82,24.0,1.7739,95.55,0.3937,86
B0005,83,24.0,1.7723,95.46,0.401,85
B0005,84,24.0,1.7709,95.39,0.4095,84
B0005,85,24.0,1.7658,95.11,0.3974,83
B0005,86,24.0,1.7624,94.93,0.3982,82
B0005,87,24.0,1.7648,95.06,0.4051,81
B0005,88,24.0,1.7654,95.09,0.4086,80
B0005,89,24.0,1.7635,94.99,0.4129,79
B0005,90,24.0,1.7616,94.89,0.4203,78
B0005,91,24.0,1.7643,95.03,0.4035,77
B0005,92,24.0,1.7567,94.62,0.4114,76
B0005,93,24.0,1.7592,94.76,0.4136,75
B0005,94,24.0,1.7612,94.87,0.4108,74
B0005,95,24.0,1.7551,94.54,0.4047,73
B0005,96,24.0,1.7559,94.58,0.4177,72
B0005,97,24.0,1.7577,94.68,0.4083,71
B0005,98,24.0,1.7567,94.63,0.4176,70
B0005,99,24.0,1.7517,94.35,0.4175,69
B0005,100,24.0,1.7546,94.51,0.4122,68
B0005,101,24.0,1.755,94.53,0.4218,67
B0005,102,24.0,1.7571,94.65,0.4254,66
B0005,103,24.0,1.7464,94.07,0.4166,65
B0005,104,24.0,1.7532,94.44,0.425,64
B0005,105,24.0,1.7524,94.39,0.4428,63
B0005,106,24.0,1.7518,94.36,0.4303,62
B0005,107,24.0,1.7525,94.4,0.429,61
B0005,108,24.0,1.7466,94.08,0.4307,60
B0005,109,24.0,1.744,93.94,0.4268,59
B0005,110,24.0,1.7443,93.96,0.4296,58
B0005,111,24.0,1.7547,94.52,0.421,57
B0005,112,24.0,1.7474,94.12,0.4234,56
B0005,113,24.0,1.742,93.83,0.438,55
B0005,114,24.0,1.7433,93.9,0.4283,54
B0005,115,24.0,1.7394,93.69,0.4382,53
B0005,116,24.0,1.7385,93.65,0.4371,52
B0005,117,24.0,1.7408,93.77,0.4339,51
B0005,118,24.0,1.7484,94.18,0.4414,50
B0005,119,24.0,1.7309,93.24,0.4403,49
B0005,120,24.0,1.7356,93.49,0.4448,48
B0005,121,24.0,1.7343,93.42,0.4411,47
B0005,122,24.0,1.7387,93.65,0.4471,46
B0005,123,24.0,1.731,93.24,0.4423,45
B0005,124,24.0,1.7332,93.36,0.4418,44
B0005,125,24.0,1.7413,93.8,0.4483,43
B0005,126,24.0,1.7284,93.1,0.452,42
B0005,127,24.0,1.7412,93.79,0.4537,41
B0005,128,24.0,1.7258,92.96,0.4473,40
B0005,129,24.0,1.7361,93.52,0.4473,39
B0005,130,24.0,1.7321,93.3,0.4559,38
B0005,131,24.0,1.7258,92.96,0.4528,37
B0005,132,24.0,1.7157,92.42,0.4492,36
B0005,133,24.0,1.7269,93.02,0.4492,35
B0005,134,24.0,1.7337,93.38,0.4495,34
B0005,135,24.0,1.7246,92.89,0.4584,33
B0005,136,24.0,1.7313,93.26,0.4517,32
B0005,137,24.0,1.7294,93.15,0.4601,31
B0005,138,24.0,1.72,92.65,0.4635,30
B0005,139,24.0,1.724,92.86,0.4594,29
B0005,140,24.0,1.7227,92.79,0.4616,28
B0005,141,24.0,1.7221,92.76,0.468,27
B0005,142,24.0,1.7272,93.03,0.4597,26
B0005,143,24.0,1.7286,93.11,0.4573,25
B0005,144,24.0,1.7187,92.58,0.4712,24
B0005,145,24.0,1.7196,92.63,0.4663,23
B0005,146,24.0,1.7169,92.48,0.4681,22
B0005,147,24.0,1.7146,92.35,0.476,21
B0005,148,24.0,1.7176,92.52,0.4694,20
B0005,149,24.0,1.719,92.59,0.4756,19
B0005,150,24.0,1.7178,92.53,0.4784,18
B0005,151,24.0,1.7105,92.13,0.4736,17
B0005,152,24.0,1.716,92.43,0.4806,16
B0005,153,24.0,1.7122,92.23,0.4793,15
B0005,154,24.0,1.7166,92.46,0.477,14
B0005,155,24.0,1.7129,92.26,0.4801,13
B0005,156,24.0,1.709,92.06,0.4878,12
B0005,157,24.0,1.7124,92.24,0.4875,11
B0005,158,24.0,1.7136,92.3,0.4847,10
B0005,159,24.0,1.7103,92.13,0.4843,9
B0005,160,24.0,1.7081,92.01,0.4863,8
B0005,161,24.0,1.7064,91.92,0.4912,7
B0005,162,24.0,1.702,91.68,0.4998,6
B0005,163,24.0,1.7005,91.6,0.4845,5
B0005,164,24.0,1.7084,92.02,0.4957,4
B0005,165,24.0,1.7054,91.86,0.4961,3
B0005,166,24.0,1.7021,91.68,0.4896,2
B0005,167,24.0,1.7017,91.66,0.4919,1
B0005,168,24.0,1.7045,91.81,0.4958,0
B0006,1,24.0,2.024,99.45,0.3237,167
B0006,2,24.0,2.0251,99.5,0.3237,166
B0006,3,24.0,2.0169,99.1,0.3291,165
B0006,4,24.0,2.0183,99.16,0.3266,164
B0006,5,24.0,2.0128,98.89,0.3316,163
B0006,6,24.0,2.0063,98.58,0.3247,162
B0006,7,24.0,2.0069,98.6,0.3319,161
B0006,8,24.0,2.0087,98.69,0.3417,160
B0006,9,24.0,2.0086,98.69,0.3348,159
B0006,10,24.0,2.003,98.41,0.3319,158
B0006,11,24.0,2.0009,98.31,0.3367,157
B0006,12,24.0,2.0002,98.27,0.3354,156
B0006,13,24.0,1.9989,98.21,0.3485,155
B0006,14,24.0,1.9944,97.99,0.3441,154
B0006,15,24.0,1.9957,98.05,0.3414,153
B0006,16,24.0,1.9919,97.87,0.3448,152
B0006,17,24.0,1.9895,97.75,0.3422,151
B0006,18,24.0,1.9874,97.64,0.3498,150
B0006,19,24.0,1.9912,97.83,0.3535,149
B0006,20,24.0,1.9922,97.88,0.3461,148
B0006,21,24.0,1.9853,97.54,0.3522,147
B0006,22,24.0,1.9888,97.71,0.3486,146
B0006,23,24.0,1.9749,97.03,0.3509,145
B0006,24,24.0,1.968,96.69,0.3526,144
B0006,25,24.0,1.9717,96.88,0.3573,143
B0006,26,24.0,1.9744,97.01,0.3673,142
B0006,27,24.0,1.9751,97.04,0.3564,141
B0006,28,24.0,1.966,96.6,0.3631,140
B0006,29,24.0,1.9627,96.43,0.3711,139
B0006,30,24.0,1.971,96.84,0.3609,138
B0006,31,24.0,1.9577,96.19,0.3714,137
B0006,32,24.0,1.9625,96.42,0.3721,136
B0006,33,24.0,1.9549,96.05,0.3643,135
B0006,34,24.0,1.9597,96.28,0.3689,134
B0006,35,24.0,1.9562,96.12,0.3731,133
B0006,36,24.0,1.9521,95.91,0.3706,132
B0006,37,24.0,1.9553,96.07,0.3753,131
B0006,38,24.0,1.956,96.11,0.3684,130
B0006,39,24.0,1.9455,95.59,0.3818,129
B0006,40,24.0,1.9513,95.87,0.373,128
B0006,41,24.0,1.9546,96.04,0.3787,127
B0006,42,24.0,1.9516,95.89,0.3798,126
B0006,43,24.0,1.9535,95.98,0.3896,125
B0006,44,24.0,1.9427,95.45,0.3871,124
B0006,45,24.0,1.9448,95.55,0.3904,123
B0006,46,24.0,1.9368,95.16,0.3884,122
B0006,47,24.0,1.9433,95.48,0.3775,121
B0006,48,24.0,1.9328,94.96,0.3775,120
B0006,49,24.0,1.9349,95.07,0.3927,119
B0006,50,24.0,1.9405,95.34,0.3908,118
B0006,51,24.0,1.9395,95.29,0.385,117
B0006,52,24.0,1.9246,94.56,0.393,116
B0006,53,24.0,1.9314,94.9,0.3945,115
B0006,54,24.0,1.9201,94.34,0.3956,114
B0006,55,24.0,1.9217,94.42,0.4008,113
B0006,56,24.0,1.9269,94.67,0.3941,112
B0006,57,24.0,1.9218,94.43,0.3949,111
B0006,58,24.0,1.9221,94.44,0.4064,110
B0006,59,24.0,1.917,94.19,0.4055,109
B0006,60,24.0,1.9173,94.2,0.4004,108
B0006,61,24.0,1.9175,94.21,0.4006,107
B0006,62,24.0,1.9142,94.05,0.4012,106
B0006,63,24.0,1.9228,94.47,0.4088,105
B0006,64,24.0,1.9107,93.88,0.4111,104
B0006,65,24.0,1.9116,93.92,0.4103,103
B0006,66,24.0,1.913,93.99,0.4167,102
B0006,67,24.0,1.907,93.7,0.4114,101
B0006,68,24.0,1.9066,93.67,0.4042,100
B0006,69,24.0,1.9001,93.36,0.424,99
B0006,70,24.0,1.9113,93.91,0.4173,98
B0006,71,24.0,1.9056,93.63,0.4215,97
B0006,72,24.0,1.9142,94.05,0.427,96
B0006,73,24.0,1.8999,93.35,0.4181,95
B0006,74,24.0,1.8925,92.99,0.4253,94
B0006,75,24.0,1.8945,93.08,0.4186,93
B0006,76,24.0,1.8935,93.03,0.4218,92
B0006,77,24.0,1.9014,93.42,0.433,91
B0006,78,24.0,1.8932,93.02,0.4375,90
B0006,79,24.0,1.8921,92.96,0.4272,89
B0006,80,24.0,1.8965,93.18,0.4357,88
B0006,81,24.0,1.8848,92.61,0.4335,87
B0006,82,24.0,1.884,92.57,0.429,86
B0006,83,24.0,1.8898,92.85,0.4469,85
B0006,84,24.0,1.8791,92.32,0.4416,84
B0006,85,24.0,1.8807,92.4,0.4378,83
B0006,86,24.0,1.8795,92.34,0.4374,82
B0006,87,24.0,1.8806,92.4,0.439,81
B0006,88,24.0,1.8801,92.38,0.4444,80
B0006,89,24.0,1.8767,92.21,0.4416,79
B0006,90,24.0,1.8739,92.07,0.4514,78
B0006,91,24.0,1.8768,92.21,0.4442,77
B0006,92,24.0,1.8738,92.07,0.4543,76
B0006,93,24.0,1.8654,91.65,0.4548,75
B0006,94,24.0,1.868,91.78,0.4564,74
B0006,95,24.0,1.8662,91.69,0.446,73
B0006,96,24.0,1.8613,91.45,0.4568,72
B0006,97,24.0,1.8675,91.76,0.4535,71
B0006,98,24.0,1.8676,91.76,0.4512,70
B0006,99,24.0,1.8634,91.56,0.4549,69
B0006,100,24.0,1.8597,91.37,0.4627,68
B0006,101,24.0,1.8575,91.26,0.4621,67
B0006,102,24.0,1.8636,91.56,0.4626,66
B0006,103,24.0,1.8615,91.46,0.4614,65
B0006,104,24.0,1.8589,91.33,0.4757,64
B0006,105,24.0,1.8455,90.68,0.4661,63
B0006,106,24.0,1.8563,91.21,0.4706,62
B0006,107,24.0,1.8541,91.1,0.4701,61
B0006,108,24.0,1.8516,90.98,0.4738,60
B0006,109,24.0,1.8546,91.12,0.4774,59
B0006,110,24.0,1.8499,90.89,0.4756,58
B0006,111,24.0,1.8452,90.66,0.477,57
B0006,112,24.0,1.8474,90.77,0.4786,56
B0006,113,24.0,1.8456,90.68,0.4926,55
B0006,114,24.0,1.8466,90.73,0.4822,54
B0006,115,24.0,1.8465,90.72,0.4833,53
B0006,116,24.0,1.8322,90.02,0.4818,52
B0006,117,24.0,1.8315,89.99,0.4867,51
B0006,118,24.0,1.8377,90.29,0.4984,50
B0006,119,24.0,1.8376,90.29,0.4904,49
B0006,120,24.0,1.8383,90.32,0.482,48
B0006,121,24.0,1.8345,90.14,0.4985,47
B0006,122,24.0,1.8263,89.73,0.5019,46
B0006,123,24.0,1.8322,90.02,0.4957,45
B0006,124,24.0,1.8321,90.01,0.5107,44
B0006,125,24.0,1.8289,89.86,0.5022,43
B0006,126,24.0,1.825,89.67,0.4982,42
B0006,127,24.0,1.8288,89.85,0.4998,41
B0006,128,24.0,1.8244,89.64,0.5033,40
B0006,129,24.0,1.8247,89.65,0.5089,39
B0006,130,24.0,1.8256,89.7,0.5063,38
B0006,131,24.0,1.819,89.37,0.5055,37
B0006,132,24.0,1.817,89.27,0.5139,36
B0006,133,24.0,1.8205,89.44,0.509,35
B0006,134,24.0,1.8196,89.4,0.522,34
B0006,135,24.0,1.8164,89.25,0.5262,33
B0006,136,24.0,1.8103,88.95,0.5122,32
B0006,137,24.0,1.805,88.68,0.5275,31
B0006,138,24.0,1.8134,89.1,0.5213,30
B0006,139,24.0,1.8106,88.96,0.5176,29
B0006,140,24.0,1.8179,89.32,0.5255,28
B0006,141,24.0,1.8072,88.79,0.5301,27
B0006,142,24.0,1.8074,88.8,0.5292,26
B0006,143,24.0,1.801,88.49,0.532,25
B0006,144,24.0,1.8103,88.95,0.538,24
B0006,145,24.0,1.8078,88.82,0.5304,23
B0006,146,24.0,1.7962,88.25,0.5339,22
B0006,147,24.0,1.799,88.39,0.5417,21
B0006,148,24.0,1.7907,87.98,0.5455,20
B0006,149,24.0,1.7955,88.22,0.5373,19
B0006,150,24.0,1.7908,87.99,0.5329,18
B0006,151,24.0,1.7968,88.28,0.5431,17
B0006,152,24.0,1.787,87.8,0.538,16
B0006,153,24.0,1.7895,87.93,0.5544,15
B0006,154,24.0,1.7885,87.88,0.5402,14
B0006,155,24.0,1.7873,87.81,0.548,13
B0006,156,24.0,1.7762,87.27,0.5508,12
B0006,157,24.0,1.7847,87.69,0.5562,11
B0006,158,24.0,1.7917,88.03,0.56,10
B0006,159,24.0,1.7819,87.55,0.5505,9
B0006,160,24.0,1.792,88.05,0.558,8
B0006,161,24.0,1.7804,87.48,0.5593,7
B0006,162,24.0,1.7799,87.45,0.5604,6
B0006,163,24.0,1.7755,87.23,0.5601,5
B0006,164,24.0,1.7763,87.28,0.5618,4
B0006,165,24.0,1.7723,87.08,0.5667,3
B0006,166,24.0,1.7728,87.1,0.5754,2
B0006,167,24.0,1.7619,86.57,0.575,1
B0006,168,24.0,1.7762,87.27,0.5609,0
B0007,1,24.0,1.8853,99.7,0.2991,167
B0007,2,24.0,1.8789,99.36,0.2981,166
B0007,3,24.0,1.8783,99.33,0.3117,165
B0007,4,24.0,1.8849,99.68,0.3103,164
B0007,5,24.0,1.8826,99.56,0.2992,163
B0007,6,24.0,1.8762,99.22,0.3083,162
B0007,7,24.0,1.8721,99.0,0.3104,161
B0007,8,24.0,1.8748,99.14,0.3059,160
B0007,9,24.0,1.8774,99.28,0.311,159
B0007,10,24.0,1.8719,98.99,0.3156,158
B0007,11,24.0,1.8679,98.78,0.3138,157
B0007,12,24.0,1.8735,99.07,0.3102,156
B0007,13,24.0,1.8713,98.96,0.3065,155
B0007,14,24.0,1.8726,99.03,0.3128,154
B0007,15,24.0,1.8658,98.66,0.3199,153
B0007,16,24.0,1.864,98.57,0.3086,152
B0007,17,24.0,1.8595,98.34,0.3197,151
B0007,18,24.0,1.8596,98.34,0.3264,150
B0007,19,24.0,1.8554,98.12,0.3271,149
B0007,20,24.0,1.8636,98.55,0.3191,148
B0007,21,24.0,1.8596,98.34,0.3226,147
B0007,22,24.0,1.8606,98.39,0.3271,146
B0007,23,24.0,1.8603,98.37,0.3233,145
B0007,24,24.0,1.8574,98.22,0.3233,144
B0007,25,24.0,1.8591,98.32,0.316,143
B0007,26,24.0,1.8516,97.92,0.3293,142
B0007,27,24.0,1.8567,98.19,0.3256,141
B0007,28,24.0,1.8552,98.11,0.3293,140
B0007,29,24.0,1.852,97.94,0.3246,139
B0007,30,24.0,1.854,98.05,0.3246,138
B0007,31,24.0,1.854,98.04,0.322,137
B0007,32,24.0,1.8556,98.13,0.3339,136
B0007,33,24.0,1.8516,97.92,0.3374,135
B0007,34,24.0,1.8563,98.17,0.3386,134
B0007,35,24.0,1.8414,97.38,0.3281,133
B0007,36,24.0,1.8454,97.59,0.3356,132
B0007,37,24.0,1.8491,97.78,0.3329,131
B0007,38,24.0,1.8469,97.67,0.3337,130
B0007,39,24.0,1.8428,97.45,0.3315,129
B0007,40,24.0,1.8407,97.34,0.3327,128
B0007,41,24.0,1.8396,97.28,0.3458,127
B0007,42,24.0,1.8389,97.24,0.3547,126
B0007,43,24.0,1.8438,97.5,0.3434,125
B0007,44,24.0,1.8375,97.17,0.347,124
B0007,45,24.0,1.8378,97.19,0.3451,123
B0007,46,24.0,1.8495,97.81,0.345,122
B0007,47,24.0,1.843,97.46,0.343,121
B0007,48,24.0,1.8374,97.17,0.3564,120
B0007,49,24.0,1.8342,97.0,0.3576,119
B0007,50,24.0,1.8387,97.24,0.3467,118
B0007,51,24.0,1.8376,97.18,0.3554,117
B0007,52,24.0,1.8367,97.13,0.3437,116
B0007,53,24.0,1.8305,96.8,0.3513,115
B0007,54,24.0,1.8323,96.89,0.3567,114
B0007,55,24.0,1.8325,96.9,0.3479,113
B0007,56,24.0,1.8325,96.9,0.3586,112
B0007,57,24.0,1.8323,96.9,0.362,111
B0007,58,24.0,1.8326,96.91,0.3599,110
B0007,59,24.0,1.8282,96.68,0.3503,109
B0007,60,24.0,1.8294,96.74,0.3607,108
B0007,61,24.0,1.8279,96.67,0.3543,107
B0007,62,24.0,1.8217,96.34,0.3669,106
B0007,63,24.0,1.8251,96.51,0.3661,105
B0007,64,24.0,1.8246,96.49,0.3638,104
B0007,65,24.0,1.8274,96.64,0.3621,103
B0007,66,24.0,1.8232,96.42,0.3634,102
B0007,67,24.0,1.8203,96.26,0.3652,101
B0007,68,24.0,1.8221,96.36,0.3654,100
B0007,69,24.0,1.8255,96.53,0.3643,99
B0007,70,24.0,1.8189,96.19,0.3676,98
B0007,71,24.0,1.8246,96.49,0.3718,97
B0007,72,24.0,1.8222,96.36,0.3644,96
B0007,73,24.0,1.8183,96.16,0.3773,95
B0007,74,24.0,1.8168,96.08,0.3792,94
B0007,75,24.0,1.8136,95.91,0.3819,93
B0007,76,24.0,1.8241,96.46,0.3741,92
B0007,77,24.0,1.8123,95.84,0.3842,91
B0007,78,24.0,1.8197,96.23,0.3754,90
B0007,79,24.0,1.8109,95.76,0.3776,89
B0007,80,24.0,1.8064,95.53,0.3754,88
B0007,81,24.0,1.807,95.56,0.3772,87
B0007,82,24.0,1.8101,95.72,0.3833,86
B0007,83,24.0,1.8157,96.02,0.3781,85
B0007,84,24.0,1.8126,95.86,0.3831,84
B0007,85,24.0,1.8077,95.6,0.3885,83
B0007,86,24.0,1.8026,95.33,0.3881,82
B0007,87,24.0,1.807,95.56,0.3897,81
B0007,88,24.0,1.8068,95.55,0.4005,80
B0007,89,24.0,1.8023,95.31,0.3866,79
B0007,90,24.0,1.8016,95.27,0.3876,78
B0007,91,24.0,1.8007,95.23,0.3973,77
B0007,92,24.0,1.8082,95.62,0.3895,76
B0007,93,24.0,1.7984,95.11,0.3958,75
B0007,94,24.0,1.7988,95.12,0.3976,74
B0007,95,24.0,1.8011,95.24,0.3879,73
B0007,96,24.0,1.8057,95.49,0.4055,72
B0007,97,24.0,1.7963,94.99,0.3957,71
B0007,98,24.0,1.7991,95.14,0.4003,70
B0007,99,24.0,1.7998,95.18,0.4097,69
B0007,100,24.0,1.7957,94.96,0.3967,68
B0007,101,24.0,1.7902,94.67,0.3981,67
B0007,102,24.0,1.7948,94.91,0.4118,66
B0007,103,24.0,1.7921,94.77,0.405,65
B0007,104,24.0,1.7934,94.84,0.4108,64
B0007,105,24.0,1.8028,95.34,0.4033,63
B0007,106,24.0,1.79,94.66,0.4122,62
B0007,107,24.0,1.7939,94.87,0.4173,61
B0007,108,24.0,1.7928,94.81,0.4073,60
B0007,109,24.0,1.792,94.77,0.4157,59
B0007,110,24.0,1.7922,94.78,0.4137,58
B0007,111,24.0,1.7925,94.79,0.4181,57
B0007,112,24.0,1.793,94.82,0.4165,56
B0007,113,24.0,1.786,94.45,0.415,55
B0007,114,24.0,1.7908,94.7,0.4113,54
B0007,115,24.0,1.7867,94.48,0.4144,53
B0007,116,24.0,1.7846,94.37,0.4239,52
B0007,117,24.0,1.7845,94.37,0.4188,51
B0007,118,24.0,1.7775,94.0,0.4233,50
B0007,119,24.0,1.7848,94.38,0.4314,49
B0007,120,24.0,1.7803,94.14,0.4228,48
B0007,121,24.0,1.7818,94.22,0.4306,47
B0007,122,24.0,1.7796,94.11,0.4252,46
B0007,123,24.0,1.7817,94.22,0.4258,45
B0007,124,24.0,1.7768,93.96,0.4269,44
B0007,125,24.0,1.7821,94.24,0.4218,43
B0007,126,24.0,1.7776,94.0,0.4245,42
B0007,127,24.0,1.7811,94.19,0.4215,41
B0007,128,24.0,1.7734,93.78,0.432,40
B0007,129,24.0,1.7811,94.19,0.4309,39
B0007,130,24.0,1.7719,93.7,0.4417,38
B0007,131,24.0,1.7676,93.47,0.4224,37
B0007,132,24.0,1.7744,93.84,0.4319,36
B0007,133,24.0,1.7678,93.49,0.439,35
B0007,134,24.0,1.7722,93.72,0.4337,34
B0007,135,24.0,1.7654,93.36,0.442,33
B0007,136,24.0,1.7723,93.73,0.4382,32
B0007,137,24.0,1.7764,93.94,0.4344,31
B0007,138,24.0,1.7622,93.19,0.4374,30
B0007,139,24.0,1.7674,93.46,0.4431,29
B0007,140,24.0,1.7659,93.38,0.4447,28
B0007,141,24.0,1.7611,93.13,0.4513,27
B0007,142,24.0,1.765,93.34,0.4507,26
B0007,143,24.0,1.766,93.39,0.4485,25
B0007,144,24.0,1.7662,93.4,0.4495,24
B0007,145,24.0,1.7658,93.38,0.455,23
B0007,146,24.0,1.7633,93.24,0.453,22
B0007,147,24.0,1.7614,93.15,0.4577,21
B0007,148,24.0,1.7583,92.98,0.4606,20
B0007,149,24.0,1.7601,93.08,0.4455,19
B0007,150,24.0,1.7601,93.08,0.4503,18
B0007,151,24.0,1.7622,93.19,0.4515,17
B0007,152,24.0,1.7564,92.88,0.4464,16
B0007,153,24.0,1.7556,92.84,0.4449,15
B0007,154,24.0,1.7504,92.56,0.4619,14
B0007,155,24.0,1.7591,93.03,0.4613,13
B0007,156,24.0,1.7514,92.62,0.46,12
B0007,157,24.0,1.7545,92.78,0.4555,11
B0007,158,24.0,1.7598,93.06,0.4668,10
B0007,159,24.0,1.7522,92.66,0.4636,9
B0007,160,24.0,1.7532,92.71,0.4544,8
B0007,161,24.0,1.7507,92.58,0.4622,7
B0007,162,24.0,1.747,92.38,0.4653,6
B0007,163,24.0,1.7574,92.94,0.471,5
B0007,164,24.0,1.7472,92.4,0.4718,4
B0007,165,24.0,1.7544,92.78,0.4746,3
B0007,166,24.0,1.7483,92.46,0.4679,2
B0007,167,24.0,1.7502,92.55,0.4742,1
B0007,168,24.0,1.7503,92.56,0.4765,0
B0018,1,4.0,1.8505,99.75,0.5698,131
B0018,2,4.0,1.8472,99.58,0.5759,130
B0018,3,4.0,1.8467,99.55,0.5739,129
B0018,4,4.0,1.8422,99.31,0.5808,128
B0018,5,4.0,1.8297,98.64,0.5799,127
B0018,6,4.0,1.8282,98.56,0.5869,126
B0018,7,4.0,1.829,98.6,0.5844,125
B0018,8,4.0,1.8243,98.34,0.6005,124
B0018,9,4.0,1.8288,98.59,0.5944,123
B0018,10,4.0,1.8197,98.1,0.5954,122
B0018,11,4.0,1.8197,98.1,0.5921,121
B0018,12,4.0,1.8139,97.79,0.5914,120
B0018,13,4.0,1.8143,97.81,0.6055,119
B0018,14,4.0,1.8086,97.5,0.6127,118
B0018,15,4.0,1.8035,97.23,0.6,117
B0018,16,4.0,1.8072,97.42,0.6151,116
B0018,17,4.0,1.811,97.63,0.6101,115
B0018,18,4.0,1.8065,97.39,0.6147,114
B0018,19,4.0,1.7995,97.01,0.6219,113
B0018,20,4.0,1.8008,97.08,0.6121,112
B0018,21,4.0,1.8021,97.15,0.6295,111
B0018,22,4.0,1.7917,96.59,0.6271,110
B0018,23,4.0,1.7943,96.73,0.629,109
B0018,24,4.0,1.7882,96.4,0.6269,108
B0018,25,4.0,1.7883,96.41,0.6387,107
B0018,26,4.0,1.7887,96.43,0.6336,106
B0018,27,4.0,1.7878,96.38,0.6237,105
B0018,28,4.0,1.7874,96.36,0.6319,104
B0018,29,4.0,1.7795,95.93,0.6376,103
B0018,30,4.0,1.7739,95.63,0.6516,102
B0018,31,4.0,1.7754,95.71,0.6501,101
B0018,32,4.0,1.7753,95.7,0.6534,100
B0018,33,4.0,1.774,95.63,0.6472,99
B0018,34,4.0,1.7758,95.73,0.6538,98
B0018,35,4.0,1.7639,95.09,0.6567,97
B0018,36,4.0,1.7743,95.65,0.6658,96
B0018,37,4.0,1.7651,95.16,0.6624,95
B0018,38,4.0,1.7635,95.07,0.6772,94
B0018,39,4.0,1.7645,95.12,0.6716,93
B0018,40,4.0,1.7654,95.17,0.6733,92
B0018,41,4.0,1.7585,94.8,0.6738,91
B0018,42,4.0,1.7575,94.74,0.6772,90
B0018,43,4.0,1.759,94.82,0.6804,89
B0018,44,4.0,1.7573,94.73,0.6824,88
B0018,45,4.0,1.753,94.5,0.6755,87
B0018,46,4.0,1.7546,94.59,0.6899,86
B0018,47,4.0,1.7532,94.51,0.6764,85
B0018,48,4.0,1.7559,94.66,0.6928,84
B0018,49,4.0,1.7503,94.36,0.6911,83
B0018,50,4.0,1.7466,94.16,0.6937,82
B0018,51,4.0,1.74,93.8,0.7113,81
B0018,52,4.0,1.7401,93.8,0.7055,80
B0018,53,4.0,1.7426,93.94,0.7096,79
B0018,54,4.0,1.7381,93.7,0.7117,78
B0018,55,4.0,1.7455,94.1,0.7123,77
B0018,56,4.0,1.735,93.53,0.7206,76
B0018,57,4.0,1.737,93.64,0.7241,75
B0018,58,4.0,1.7335,93.45,0.7152,74
B0018,59,4.0,1.7358,93.57,0.7179,73
B0018,60,4.0,1.7288,93.2,0.7227,72
B0018,61,4.0,1.7258,93.03,0.7309,71
B0018,62,4.0,1.7257,93.03,0.7341,70
B0018,63,4.0,1.7292,93.22,0.7371,69
B0018,64,4.0,1.7202,92.73,0.7424,68
B0018,65,4.0,1.7243,92.95,0.7343,67
B0018,66,4.0,1.7203,92.74,0.7467,66
B0018,67,4.0,1.7151,92.46,0.7529,65
B0018,68,4.0,1.7141,92.4,0.7495,64
B0018,69,4.0,1.7124,92.31,0.7518,63
B0018,70,4.0,1.7071,92.03,0.7473,62
B0018,71,4.0,1.7163,92.52,0.7531,61
B0018,72,4.0,1.7044,91.88,0.7494,60
B0018,73,4.0,1.7042,91.87,0.7564,59
B0018,74,4.0,1.7117,92.28,0.771,58
B0018,75,4.0,1.7008,91.69,0.7801,57
B0018,76,4.0,1.7059,91.96,0.77,56
B0018,77,4.0,1.6904,91.13,0.786,55
B0018,78,4.0,1.6933,91.28,0.7692,54
B0018,79,4.0,1.7014,91.72,0.7925,53
B0018,80,4.0,1.7012,91.71,0.7861,52
B0018,81,4.0,1.6965,91.46,0.7904,51
B0018,82,4.0,1.6956,91.41,0.7905,50
B0018,83,4.0,1.6914,91.18,0.7917,49
B0018,84,4.0,1.6864,90.91,0.7935,48
B0018,85,4.0,1.6811,90.63,0.7973,47
B0018,86,4.0,1.6824,90.7,0.7953,46
B0018,87,4.0,1.6855,90.86,0.8107,45
B0018,88,4.0,1.6869,90.94,0.7988,44
B0018,89,4.0,1.6778,90.45,0.8144,43
B0018,90,4.0,1.6762,90.36,0.8115,42
B0018,91,4.0,1.6808,90.61,0.8108,41
B0018,92,4.0,1.6775,90.43,0.8119,40
B0018,93,4.0,1.6732,90.2,0.8232,39
B0018,94,4.0,1.6677,89.9,0.8268,38
B0018,95,4.0,1.6724,90.16,0.8303,37
B0018,96,4.0,1.6719,90.13,0.8374,36
B0018,97,4.0,1.6699,90.02,0.8314,35
B0018,98,4.0,1.6684,89.94,0.8393,34
B0018,99,4.0,1.6666,89.84,0.8399,33
B0018,100,4.0,1.6621,89.6,0.8394,32
B0018,101,4.0,1.6577,89.37,0.8545,31
B0018,102,4.0,1.6568,89.32,0.8453,30
B0018,103,4.0,1.6574,89.35,0.8563,29
B0018,104,4.0,1.6576,89.36,0.8612,28
B0018,105,4.0,1.6546,89.2,0.8594,27
B0018,106,4.0,1.6524,89.08,0.8718,26
B0018,107,4.0,1.6495,88.92,0.8657,25
B0018,108,4.0,1.6553,89.23,0.8693,24
B0018,109,4.0,1.6505,88.98,0.8697,23
B0018,110,4.0,1.6499,88.94,0.8728,22
B0018,111,4.0,1.6521,89.06,0.8877,21
B0018,112,4.0,1.6445,88.65,0.8729,20
B0018,113,4.0,1.6449,88.67,0.8958,19
B0018,114,4.0,1.6405,88.44,0.8942,18
B0018,115,4.0,1.649,88.89,0.8864,17
B0018,116,4.0,1.643,88.57,0.9005,16
B0018,117,4.0,1.6377,88.29,0.8945,15
B0018,118,4.0,1.6354,88.16,0.8936,14
B0018,119,4.0,1.6337,88.07,0.8957,13
B0018,120,4.0,1.6349,88.14,0.9012,12
B0018,121,4.0,1.6342,88.1,0.9005,11
B0018,122,4.0,1.6331,88.04,0.9156,10
B0018,123,4.0,1.6224,87.46,0.9165,9
B0018,124,4.0,1.6338,88.07,0.9118,8
B0018,125,4.0,1.6341,88.09,0.9232,7
B0018,126,4.0,1.6231,87.5,0.9241,6
B0018,127,4.0,1.6266,87.69,0.928,5
B0018,128,4.0,1.6251,87.61,0.9262,4
B0018,129,4.0,1.6221,87.45,0.927,3
B0018,130,4.0,1.6195,87.31,0.9329,2
B0018,131,4.0,1.6156,87.09,0.9468,1
B0018,132,4.0,1.6214,87.41,0.947,0
B_LADAKH_M15,1,-15.0,1.8324,99.05,0.8831,119
B_LADAKH_M15,2,-15.0,1.8352,99.2,0.8902,118
B_LADAKH_M15,3,-15.0,1.8342,99.15,0.8962,117
B_LADAKH_M15,4,-15.0,1.8209,98.43,0.8974,116
B_LADAKH_M15,5,-15.0,1.8163,98.18,0.903,115
B_LADAKH_M15,6,-15.0,1.8144,98.08,0.9133,114
B_LADAKH_M15,7,-15.0,1.8045,97.54,0.9067,113
B_LADAKH_M15,8,-15.0,1.7964,97.11,0.9208,112
B_LADAKH_M15,9,-15.0,1.7957,97.06,0.9123,111
B_LADAKH_M15,10,-15.0,1.7981,97.19,0.9404,110
B_LADAKH_M15,11,-15.0,1.793,96.92,0.937,109
B_LADAKH_M15,12,-15.0,1.7899,96.75,0.9373,108
B_LADAKH_M15,13,-15.0,1.79,96.75,0.9412,107
B_LADAKH_M15,14,-15.0,1.7841,96.44,0.9492,106
B_LADAKH_M15,15,-15.0,1.7771,96.06,0.9575,105
B_LADAKH_M15,16,-15.0,1.7759,95.99,0.9538,104
B_LADAKH_M15,17,-15.0,1.7756,95.98,0.9581,103
B_LADAKH_M15,18,-15.0,1.7705,95.7,0.9675,102
B_LADAKH_M15,19,-15.0,1.7717,95.77,0.975,101
B_LADAKH_M15,20,-15.0,1.7642,95.36,0.9818,100
B_LADAKH_M15,21,-15.0,1.7669,95.51,0.9856,99
B_LADAKH_M15,22,-15.0,1.7584,95.05,0.9813,98
B_LADAKH_M15,23,-15.0,1.7512,94.66,0.9915,97
B_LADAKH_M15,24,-15.0,1.7501,94.6,0.9972,96
B_LADAKH_M15,25,-15.0,1.7499,94.59,1.0059,95
B_LADAKH_M15,26,-15.0,1.7465,94.41,1.0109,94
B_LADAKH_M15,27,-15.0,1.7442,94.28,1.0038,93
B_LADAKH_M15,28,-15.0,1.7374,93.91,1.0181,92
B_LADAKH_M15,29,-15.0,1.7335,93.7,1.0271,91
B_LADAKH_M15,30,-15.0,1.7417,94.15,1.0354,90
B_LADAKH_M15,31,-15.0,1.7319,93.62,1.0421,89
B_LADAKH_M15,32,-15.0,1.7307,93.55,1.0382,88
B_LADAKH_M15,33,-15.0,1.7249,93.24,1.0437,87
B_LADAKH_M15,34,-15.0,1.7231,93.14,1.0514,86
B_LADAKH_M15,35,-15.0,1.7226,93.11,1.0559,85
B_LADAKH_M15,36,-15.0,1.721,93.03,1.0673,84
B_LADAKH_M15,37,-15.0,1.7204,92.99,1.0593,83
B_LADAKH_M15,38,-15.0,1.7037,92.09,1.0768,82
B_LADAKH_M15,39,-15.0,1.7058,92.21,1.0765,81
B_LADAKH_M15,40,-15.0,1.704,92.11,1.074,80
B_LADAKH_M15,41,-15.0,1.7082,92.33,1.0923,79
B_LADAKH_M15,42,-15.0,1.7011,91.95,1.0811,78
B_LADAKH_M15,43,-15.0,1.6986,91.82,1.1015,77
B_LADAKH_M15,44,-15.0,1.6923,91.48,1.106,76
B_LADAKH_M15,45,-15.0,1.6956,91.65,1.1136,75
B_LADAKH_M15,46,-15.0,1.6935,91.54,1.1114,74
B_LADAKH_M15,47,-15.0,1.6953,91.64,1.1211,73
B_LADAKH_M15,48,-15.0,1.6878,91.23,1.1229,72
B_LADAKH_M15,49,-15.0,1.6836,91.01,1.1288,71
B_LADAKH_M15,50,-15.0,1.6822,90.93,1.1475,70
B_LADAKH_M15,51,-15.0,1.6749,90.53,1.1366,69
B_LADAKH_M15,52,-15.0,1.6837,91.01,1.1493,68
B_LADAKH_M15,53,-15.0,1.6726,90.41,1.1613,67
B_LADAKH_M15,54,-15.0,1.6704,90.29,1.171,66
B_LADAKH_M15,55,-15.0,1.673,90.43,1.1653,65
B_LADAKH_M15,56,-15.0,1.6764,90.62,1.1705,64
B_LADAKH_M15,57,-15.0,1.6683,90.18,1.1809,63
B_LADAKH_M15,58,-15.0,1.6681,90.17,1.1931,62
B_LADAKH_M15,59,-15.0,1.6605,89.76,1.1874,61
B_LADAKH_M15,60,-15.0,1.6598,89.72,1.1937,60
B_LADAKH_M15,61,-15.0,1.6635,89.92,1.2037,59
B_LADAKH_M15,62,-15.0,1.6516,89.27,1.2099,58
B_LADAKH_M15,63,-15.0,1.6452,88.93,1.2101,57
B_LADAKH_M15,64,-15.0,1.6529,89.35,1.2177,56
B_LADAKH_M15,65,-15.0,1.6415,88.73,1.2298,55
B_LADAKH_M15,66,-15.0,1.648,89.08,1.2367,54
B_LADAKH_M15,67,-15.0,1.6448,88.91,1.2355,53
B_LADAKH_M15,68,-15.0,1.6327,88.26,1.2529,52
B_LADAKH_M15,69,-15.0,1.6347,88.36,1.2503,51
B_LADAKH_M15,70,-15.0,1.6389,88.59,1.2605,50
B_LADAKH_M15,71,-15.0,1.633,88.27,1.2747,49
B_LADAKH_M15,72,-15.0,1.6262,87.9,1.2748,48
B_LADAKH_M15,73,-15.0,1.6266,87.93,1.2777,47
B_LADAKH_M15,74,-15.0,1.6301,88.12,1.2852,46
B_LADAKH_M15,75,-15.0,1.6238,87.77,1.2943,45
B_LADAKH_M15,76,-15.0,1.6178,87.45,1.2911,44
B_LADAKH_M15,77,-15.0,1.6127,87.17,1.2919,43
B_LADAKH_M15,78,-15.0,1.6227,87.71,1.3026,42
B_LADAKH_M15,79,-15.0,1.6112,87.09,1.3131,41
B_LADAKH_M15,80,-15.0,1.611,87.08,1.325,40
B_LADAKH_M15,81,-15.0,1.6109,87.07,1.3245,39
B_LADAKH_M15,82,-15.0,1.6044,86.72,1.3353,38
B_LADAKH_M15,83,-15.0,1.6017,86.58,1.3485,37
B_LADAKH_M15,84,-15.0,1.6023,86.61,1.3507,36
B_LADAKH_M15,85,-15.0,1.6007,86.52,1.3595,35
B_LADAKH_M15,86,-15.0,1.5964,86.29,1.3537,34
B_LADAKH_M15,87,-15.0,1.5949,86.21,1.3636,33
B_LADAKH_M15,88,-15.0,1.5889,85.89,1.3765,32
B_LADAKH_M15,89,-15.0,1.5936,86.14,1.3803,31
B_LADAKH_M15,90,-15.0,1.5876,85.81,1.3955,30
B_LADAKH_M15,91,-15.0,1.585,85.67,1.4067,29
B_LADAKH_M15,92,-15.0,1.584,85.62,1.3917,28
B_LADAKH_M15,93,-15.0,1.5824,85.53,1.4092,27
B_LADAKH_M15,94,-15.0,1.5822,85.53,1.4175,26
B_LADAKH_M15,95,-15.0,1.5742,85.09,1.4149,25
B_LADAKH_M15,96,-15.0,1.5716,84.95,1.4237,24
B_LADAKH_M15,97,-15.0,1.5678,84.75,1.4379,23
B_LADAKH_M15,98,-15.0,1.5745,85.11,1.4439,22
B_LADAKH_M15,99,-15.0,1.5608,84.37,1.4511,21
B_LADAKH_M15,100,-15.0,1.568,84.76,1.4529,20
B_LADAKH_M15,101,-15.0,1.5604,84.35,1.4631,19
B_LADAKH_M15,102,-15.0,1.5555,84.08,1.4733,18
B_LADAKH_M15,103,-15.0,1.5559,84.1,1.4793,17
B_LADAKH_M15,104,-15.0,1.5505,83.81,1.4822,16
B_LADAKH_M15,105,-15.0,1.5547,84.04,1.4897,15
B_LADAKH_M15,106,-15.0,1.5564,84.13,1.4968,14
B_LADAKH_M15,107,-15.0,1.5482,83.68,1.5107,13
B_LADAKH_M15,108,-15.0,1.5393,83.21,1.5046,12
B_LADAKH_M15,109,-15.0,1.5366,83.06,1.527,11
B_LADAKH_M15,110,-15.0,1.5382,83.15,1.5408,10
B_LADAKH_M15,111,-15.0,1.5359,83.02,1.5364,9
B_LADAKH_M15,112,-15.0,1.5421,83.36,1.5529,8
B_LADAKH_M15,113,-15.0,1.5419,83.35,1.5564,7
B_LADAKH_M15,114,-15.0,1.5355,83.0,1.5608,6
B_LADAKH_M15,115,-15.0,1.5323,82.82,1.5626,5
B_LADAKH_M15,116,-15.0,1.5236,82.36,1.5729,4
B_LADAKH_M15,117,-15.0,1.524,82.38,1.5782,3
B_LADAKH_M15,118,-15.0,1.5252,82.44,1.5929,2
B_LADAKH_M15,119,-15.0,1.5205,82.19,1.6032,1
B_LADAKH_M15,120,-15.0,1.5133,81.8,1.6025,0
B_LADAKH_M25,1,-25.0,1.8241,98.87,1.2387,99
B_LADAKH_M25,2,-25.0,1.8178,98.52,1.2556,98
B_LADAKH_M25,3,-25.0,1.8168,98.47,1.2675,97
B_LADAKH_M25,4,-25.0,1.8001,97.57,1.2819,96
B_LADAKH_M25,5,-25.0,1.8031,97.73,1.2838,95
B_LADAKH_M25,6,-25.0,1.7916,97.1,1.2844,94
B_LADAKH_M25,7,-25.0,1.7856,96.78,1.303,93
B_LADAKH_M25,8,-25.0,1.7894,96.98,1.3137,92
B_LADAKH_M25,9,-25.0,1.7748,96.2,1.3088,91
B_LADAKH_M25,10,-25.0,1.7724,96.07,1.3141,90
B_LADAKH_M25,11,-25.0,1.7684,95.85,1.3307,89
B_LADAKH_M25,12,-25.0,1.7606,95.42,1.3321,88
B_LADAKH_M25,13,-25.0,1.7599,95.39,1.346,87
B_LADAKH_M25,14,-25.0,1.7487,94.78,1.343,86
B_LADAKH_M25,15,-25.0,1.7489,94.79,1.375,85
B_LADAKH_M25,16,-25.0,1.7513,94.92,1.3727,84
B_LADAKH_M25,17,-25.0,1.7379,94.2,1.3862,83
B_LADAKH_M25,18,-25.0,1.7321,93.88,1.3942,82
B_LADAKH_M25,19,-25.0,1.735,94.04,1.4078,81
B_LADAKH_M25,20,-25.0,1.7274,93.63,1.4097,80
B_LADAKH_M25,21,-25.0,1.7202,93.24,1.4156,79
B_LADAKH_M25,22,-25.0,1.7188,93.16,1.4307,78
B_LADAKH_M25,23,-25.0,1.7193,93.19,1.434,77
B_LADAKH_M25,24,-25.0,1.7177,93.1,1.4459,76
B_LADAKH_M25,25,-25.0,1.7077,92.56,1.4528,75
B_LADAKH_M25,26,-25.0,1.6942,91.83,1.4703,74
B_LADAKH_M25,27,-25.0,1.7029,92.3,1.4739,73
B_LADAKH_M25,28,-25.0,1.6964,91.95,1.4873,72
B_LADAKH_M25,29,-25.0,1.6861,91.39,1.4916,71
B_LADAKH_M25,30,-25.0,1.6917,91.69,1.4975,70
B_LADAKH_M25,31,-25.0,1.6859,91.38,1.5066,69
B_LADAKH_M25,32,-25.0,1.6829,91.21,1.5229,68
B_LADAKH_M25,33,-25.0,1.6708,90.56,1.5386,67
B_LADAKH_M25,34,-25.0,1.6706,90.55,1.5386,66
B_LADAKH_M25,35,-25.0,1.6707,90.55,1.5582,65
B_LADAKH_M25,36,-25.0,1.6622,90.09,1.5627,64
B_LADAKH_M25,37,-25.0,1.6643,90.21,1.5758,63
B_LADAKH_M25,38,-25.0,1.6596,89.95,1.5806,62
B_LADAKH_M25,39,-25.0,1.652,89.54,1.5929,61
B_LADAKH_M25,40,-25.0,1.6474,89.29,1.5881,60
B_LADAKH_M25,41,-25.0,1.6499,89.42,1.6174,59
B_LADAKH_M25,42,-25.0,1.6351,88.62,1.6181,58
B_LADAKH_M25,43,-25.0,1.6435,89.08,1.6438,57
B_LADAKH_M25,44,-25.0,1.6376,88.76,1.6403,56
B_LADAKH_M25,45,-25.0,1.6332,88.52,1.6613,55
B_LADAKH_M25,46,-25.0,1.6278,88.23,1.661,54
B_LADAKH_M25,47,-25.0,1.625,88.08,1.6708,53
B_LADAKH_M25,48,-25.0,1.6239,88.02,1.6944,52
B_LADAKH_M25,49,-25.0,1.6212,87.87,1.6958,51
B_LADAKH_M25,50,-25.0,1.6153,87.55,1.7,50
B_LADAKH_M25,51,-25.0,1.6166,87.62,1.7183,49
B_LADAKH_M25,52,-25.0,1.6089,87.2,1.7457,48
B_LADAKH_M25,53,-25.0,1.6073,87.12,1.737,47
B_LADAKH_M25,54,-25.0,1.601,86.78,1.7575,46
B_LADAKH_M25,55,-25.0,1.5998,86.71,1.7558,45
B_LADAKH_M25,56,-25.0,1.5996,86.7,1.7709,44
B_LADAKH_M25,57,-25.0,1.6,86.72,1.7909,43
B_LADAKH_M25,58,-25.0,1.5873,86.03,1.8033,42
B_LADAKH_M25,59,-25.0,1.586,85.96,1.8126,41
B_LADAKH_M25,60,-25.0,1.5843,85.87,1.8156,40
B_LADAKH_M25,61,-25.0,1.5764,85.44,1.8366,39
B_LADAKH_M25,62,-25.0,1.5743,85.33,1.8411,38
B_LADAKH_M25,63,-25.0,1.5685,85.01,1.857,37
B_LADAKH_M25,64,-25.0,1.5772,85.49,1.8614,36
B_LADAKH_M25,65,-25.0,1.5658,84.86,1.8857,35
B_LADAKH_M25,66,-25.0,1.562,84.66,1.8929,34
B_LADAKH_M25,67,-25.0,1.5548,84.27,1.9048,33
B_LADAKH_M25,68,-25.0,1.555,84.28,1.9198,32
B_LADAKH_M25,69,-25.0,1.5572,84.4,1.94,31
B_LADAKH_M25,70,-25.0,1.5514,84.09,1.941,30
B_LADAKH_M25,71,-25.0,1.5466,83.83,1.95,29
B_LADAKH_M25,72,-25.0,1.5439,83.68,1.9628,28
B_LADAKH_M25,73,-25.0,1.54,83.47,1.9834,27
B_LADAKH_M25,74,-25.0,1.532,83.03,1.9951,26
B_LADAKH_M25,75,-25.0,1.538,83.36,2.0015,25
B_LADAKH_M25,76,-25.0,1.521,82.44,2.0119,24
B_LADAKH_M25,77,-25.0,1.5314,83.0,2.0277,23
B_LADAKH_M25,78,-25.0,1.519,82.33,2.0383,22
B_LADAKH_M25,79,-25.0,1.5231,82.55,2.0566,21
B_LADAKH_M25,80,-25.0,1.5156,82.15,2.0652,20
B_LADAKH_M25,81,-25.0,1.5117,81.94,2.0756,19
B_LADAKH_M25,82,-25.0,1.5166,82.2,2.092,18
B_LADAKH_M25,83,-25.0,1.5117,81.94,2.1146,17
B_LADAKH_M25,84,-25.0,1.5077,81.72,2.1183,16
B_LADAKH_M25,85,-25.0,1.5021,81.41,2.134,15
B_LADAKH_M25,86,-25.0,1.4936,80.96,2.1494,14
B_LADAKH_M25,87,-25.0,1.4894,80.72,2.1675,13
B_LADAKH_M25,88,-25.0,1.489,80.71,2.1764,12
B_LADAKH_M25,89,-25.0,1.4888,80.7,2.1881,11
B_LADAKH_M25,90,-25.0,1.4869,80.59,2.2011,10
B_LADAKH_M25,91,-25.0,1.4848,80.48,2.2109,9
B_LADAKH_M25,92,-25.0,1.4787,80.14,2.2416,8
B_LADAKH_M25,93,-25.0,1.471,79.73,2.2429,7
B_LADAKH_M25,94,-25.0,1.4739,79.89,2.2616,6
B_LADAKH_M25,95,-25.0,1.4701,79.68,2.2777,5
B_LADAKH_M25,96,-25.0,1.4681,79.57,2.2955,4
B_LADAKH_M25,97,-25.0,1.464,79.35,2.3035,3
B_LADAKH_M25,98,-25.0,1.4619,79.24,2.329,2
B_LADAKH_M25,99,-25.0,1.4555,78.89,2.3296,1
B_LADAKH_M25,100,-25.0,1.4574,78.99,2.349,0
